{
  "Offers": [
    {
      "Rewards": [
        {
          "ItemType": 4,
          "Amount": 1,
          "BrawlerID": [0, 0],
          "Extra": 5,
          "ItemName": "",
          "BrawlerPower": 1
        }
      ],
      "Currency": 0,
      "Cost": 29,
      "Time": 86400,
      "Claim": false,
      "DailyOffer": false,
      "OldPrice": 0,
      "Text": "ОСОБАЯ АКЦИЯ",
      "Background": "offer_bgr_deepsea",
      "Processed": false,
      "TypeBenefit": 0,
      "Benefit": 0,
      "OneTimeOffer": false,
      "ShopPanelLayout": [0, 0],
      "ShopStyleSet": [70, 0],
      "BundleID": "BeachBrock_Velocirapids_Single_1",
      "OfferType": 0,
      "IsForPortalEvent": true,
      "IsForHorizonEvent": false,
      "LoadOnStartup": false,
      "StarrDrops": false,
      "NeedsBrawler": 3,
      "UpdateOffers": false,
      "PortaliumStarrDrop": false
    },
    {
      "Rewards": [
        {
          "ItemType": 3,
          "Amount": 1,
          "BrawlerID": [16, 38],
          "Extra": 0,
          "ItemName": "",
          "BrawlerPower": 1
        },
        {
          "ItemType": 4,
          "Amount": 1,
          "BrawlerID": [16, 38],
          "Extra": 292,
          "ItemName": "",
          "BrawlerPower": 1
        }
      ],
      "Currency": 0,
      "Cost": 169,
      "Time": 86400,
      "Claim": false,
      "DailyOffer": false,
      "OldPrice": 249,
      "Text": "ОСОБАЯ АКЦИЯ",
      "Background": "offer_bgr_deepsea",
      "Processed": false,
      "TypeBenefit": 0,
      "Benefit": 0,
      "OneTimeOffer": false,
      "ShopPanelLayout": [69, 1],
      "ShopStyleSet": [0, 0],
      "BundleID": "DIYSurge_Deepsea_2Items_1",
      "OfferType": 0,
      "IsForPortalEvent": false,
      "IsForHorizonEvent": false,
      "LoadOnStartup": false,
      "StarrDrops": false,
      "NeedsBrawler": 0,
      "UpdateOffers": false,
      "PortaliumStarrDrop": false
    },
    {
      "Rewards": [
        {
          "ItemType": 42,
          "Amount": 1000,
          "BrawlerID": [16, 38],
          "Extra": 0,
          "ItemName": "",
          "BrawlerPower": 1
        }
      ],
      "Currency": 0,
      "Cost": 2147483647,
      "Time": 86400,
      "Claim": false,
      "DailyOffer": false,
      "OldPrice": 29,
      "Text": "АКЦИЯ К ПОВЫШЕНИЮ УРОВНЯ",
      "Background": "offer_starter_pack",
      "Processed": false,
      "TypeBenefit": 0,
      "Benefit": 0,
      "OneTimeOffer": false,
      "ShopPanelLayout": [0, 0],
      "ShopStyleSet": [0, 0],
      "BundleID": "Offer_Generic_1",
      "OfferType": 0,
      "IsForPortalEvent": false,
      "IsForHorizonEvent": false,
      "LoadOnStartup": false,
      "StarrDrops": false,
      "NeedsBrawler": 0,
      "UpdateOffers": false,
      "PortaliumStarrDrop": false
    },
    {
      "Rewards": [
        {
          "ItemType": 38,
          "Amount": 500000,
          "BrawlerID": [16, 38],
          "Extra": 0,
          "ItemName": "",
          "BrawlerPower": 1
        }
      ],
      "Currency": 0,
      "Cost": 0,
      "Time": 86400,
      "Claim": false,
      "DailyOffer": false,
      "OldPrice": 29,
      "Text": "Test: holy shit of Credits",
      "Background": "offer_starter_pack",
      "Processed": false,
      "TypeBenefit": 0,
      "Benefit": 0,
      "OneTimeOffer": false,
      "ShopPanelLayout": [0, 0],
      "ShopStyleSet": [0, 0],
      "BundleID": "None",
      "OfferType": 0,
      "IsForPortalEvent": false,
      "IsForHorizonEvent": false,
      "LoadOnStartup": false,
      "StarrDrops": false,
      "NeedsBrawler": 0,
      "UpdateOffers": false,
      "PortaliumStarrDrop": false
    },
    {
      "Rewards": [
        {
          "ItemType": 49,
          "Amount": 2,
          "BrawlerID": [0, 0],
          "Extra": 4,
          "ItemName": "",
          "BrawlerPower": 1
        }
      ],
      "Currency": 0,
      "Cost": 0,
      "Time": 86400,
      "Claim": false,
      "DailyOffer": false,
      "OldPrice": 29,
      "Text": "fuck starr drops",
      "Background": "offer_rarity_legendary",
      "Processed": false,
      "TypeBenefit": 0,
      "Benefit": 0,
      "OneTimeOffer": false,
      "ShopPanelLayout": [0, 0],
      "ShopStyleSet": [0, 0],
      "BundleID": "None",
      "OfferType": 0,
      "IsForPortalEvent": false,
      "IsForHorizonEvent": false,
      "LoadOnStartup": false,
      "StarrDrops": false,
      "NeedsBrawler": 0,
      "UpdateOffers": false,
      "PortaliumStarrDrop": false
    },
    {
      "Rewards": [
        {
          "ItemType": 3,
          "Amount": 1,
          "BrawlerID": [16, 12],
          "Extra": 4,
          "ItemName": "",
          "BrawlerPower": 1
        }
      ],
      "Currency": 0,
      "Cost": 0,
      "Time": 86400,
      "Claim": false,
      "DailyOffer": false,
      "OldPrice": 29,
      "Text": "test",
      "Background": "offer_rarity_legendary",
      "Processed": false,
      "TypeBenefit": 0,
      "Benefit": 0,
      "OneTimeOffer": false,
      "ShopPanelLayout": [0, 0],
      "ShopStyleSet": [0, 0],
      "BundleID": "None",
      "OfferType": 0,
      "IsForPortalEvent": false,
      "IsForHorizonEvent": false,
      "LoadOnStartup": false,
      "StarrDrops": false,
      "NeedsBrawler": 0,
      "UpdateOffers": false,
      "PortaliumStarrDrop": false
    },
    {
      "Rewards": [
        {
          "ItemType": 38,
          "Amount": 5,
          "BrawlerID": [16, 18],
          "Extra": 4,
          "ItemName": "",
          "BrawlerPower": 1
        }
      ],
      "Currency": 0,
      "Cost": 0,
      "Time": 86400,
      "Claim": false,
      "DailyOffer": false,
      "OldPrice": 29,
      "Text": "test delivery",
      "Background": "offer_rarity_legendary",
      "Processed": false,
      "TypeBenefit": 0,
      "Benefit": 0,
      "OneTimeOffer": false,
      "ShopPanelLayout": [0, 0],
      "ShopStyleSet": [0, 0],
      "BundleID": "None",
      "OfferType": 0,
      "IsForPortalEvent": false,
      "IsForHorizonEvent": false,
      "LoadOnStartup": false,
      "StarrDrops": false,
      "NeedsBrawler": 0,
      "UpdateOffers": false,
      "PortaliumStarrDrop": false
    },
    {
      "Rewards": [
        {
          "ItemType": 4,
          "Amount": 5,
          "BrawlerID": [16, 18],
          "Extra": 537,
          "ItemName": "",
          "BrawlerPower": 1
        }
      ],
      "Currency": 0,
      "Cost": 79,
      "Time": 86400,
      "Claim": false,
      "DailyOffer": false,
      "OldPrice": 29,
      "Text": "test delivery",
      "Background": "offer_rarity_legendary",
      "Processed": false,
      "TypeBenefit": 0,
      "Benefit": 0,
      "OneTimeOffer": false,
      "ShopPanelLayout": [0, 0],
      "ShopStyleSet": [0, 0],
      "BundleID": "None",
      "OfferType": 0,
      "IsForPortalEvent": false,
      "IsForHorizonEvent": false,
      "LoadOnStartup": false,
      "StarrDrops": false,
      "NeedsBrawler": 0,
      "UpdateOffers": false,
      "PortaliumStarrDrop": false
    },
    {
      "Rewards": [
        {
          "ItemType": 4,
          "Amount": 5,
          "BrawlerID": [16, 5],
          "Extra": 49,
          "ItemName": "",
          "BrawlerPower": 1
        }
      ],
      "Currency": 0,
      "Cost": 0,
      "Time": 86400,
      "Claim": false,
      "DailyOffer": false,
      "OldPrice": 29,
      "Text": "test skin",
      "Background": "offer_rarity_legendary",
      "Processed": false,
      "TypeBenefit": 0,
      "Benefit": 0,
      "OneTimeOffer": false,
      "ShopPanelLayout": [0, 0],
      "ShopStyleSet": [0, 0],
      "BundleID": "None",
      "OfferType": 0,
      "IsForPortalEvent": false,
      "IsForHorizonEvent": false,
      "LoadOnStartup": false,
      "StarrDrops": false,
      "NeedsBrawler": 0,
      "UpdateOffers": false,
      "PortaliumStarrDrop": false
    },
    {
      "Rewards": [
        {
          "ItemType": 2,
          "Amount": 1,
          "BrawlerID": [16, 0],
          "Extra": 2,
          "ItemName": "",
          "BrawlerPower": 1
        }
      ],
      "Currency": 0,
      "Cost": 29,
      "Time": 86400,
      "Claim": false,
      "DailyOffer": false,
      "OldPrice": 29,
      "Text": "random brawler test",
      "Background": "offer_rarity_super_rare",
      "Processed": false,
      "TypeBenefit": 0,
      "Benefit": 0,
      "OneTimeOffer": false,
      "ShopPanelLayout": [0, 0],
      "ShopStyleSet": [0, 0],
      "BundleID": "None",
      "OfferType": 0,
      "IsForPortalEvent": false,
      "IsForHorizonEvent": false,
      "LoadOnStartup": false,
      "StarrDrops": false,
      "NeedsBrawler": 0,
      "UpdateOffers": false,
      "PortaliumStarrDrop": false
    },
    {
      "Rewards": [
        {
          "ItemType": 4,
          "Amount": 1,
          "BrawlerID": [16, 0],
          "Extra": 394,
          "ItemName": "",
          "BrawlerPower": 1
        }
      ],
      "Currency": 5,
      "Cost": 2500,
      "Time": 86400,
      "Claim": false,
      "DailyOffer": false,
      "OldPrice": 29,
      "Text": "CHICKEN RICO",
      "Background": "offer_rarity_super_rare",
      "Processed": false,
      "TypeBenefit": 0,
      "Benefit": 0,
      "OneTimeOffer": false,
      "ShopPanelLayout": [0, 0],
      "ShopStyleSet": [0, 0],
      "BundleID": "None",
      "OfferType": 4,
      "IsForPortalEvent": false,
      "IsForHorizonEvent": false,
      "LoadOnStartup": false,
      "StarrDrops": false,
      "NeedsBrawler": 0,
      "UpdateOffers": false,
      "PortaliumStarrDrop": false
    },
    {
      "Rewards": [
        {
          "ItemType": 41,
          "Amount": 100,
          "BrawlerID": [16, 0],
          "Extra": 0,
          "ItemName": "",
          "BrawlerPower": 1
        }
      ],
      "Currency": 5,
      "Cost": 60,
      "Time": 86400,
      "Claim": false,
      "DailyOffer": false,
      "OldPrice": 29,
      "Text": "SPECIAL OFFER",
      "Background": "offer_rarity_super_rare",
      "Processed": false,
      "TypeBenefit": 0,
      "Benefit": 0,
      "OneTimeOffer": false,
      "ShopPanelLayout": [0, 0],
      "ShopStyleSet": [0, 0],
      "BundleID": "None",
      "OfferType": 4,
      "IsForPortalEvent": false,
      "IsForHorizonEvent": false,
      "LoadOnStartup": false,
      "StarrDrops": false,
      "NeedsBrawler": 0,
      "UpdateOffers": false,
      "PortaliumStarrDrop": false
    },
    {
      "Rewards": [
        {
          "ItemType": 1,
          "Amount": 250,
          "BrawlerID": [16, 0],
          "Extra": 0,
          "ItemName": "",
          "BrawlerPower": 1
        }
      ],
      "Currency": 5,
      "Cost": 100,
      "Time": 86400,
      "Claim": false,
      "DailyOffer": false,
      "OldPrice": 29,
      "Text": "SPECIAL OFFER",
      "Background": "offer_rarity_super_rare",
      "Processed": false,
      "TypeBenefit": 0,
      "Benefit": 0,
      "OneTimeOffer": false,
      "ShopPanelLayout": [0, 0],
      "ShopStyleSet": [0, 0],
      "BundleID": "None",
      "OfferType": 4,
      "IsForPortalEvent": false,
      "IsForHorizonEvent": false,
      "LoadOnStartup": false,
      "StarrDrops": false,
      "NeedsBrawler": 0,
      "UpdateOffers": false,
      "PortaliumStarrDrop": false
    },
    {
      "Rewards": [
        {
          "ItemType": 1,
          "Amount": 500,
          "BrawlerID": [16, 0],
          "Extra": 0,
          "ItemName": "",
          "BrawlerPower": 1
        }
      ],
      "Currency": 5,
      "Cost": 200,
      "Time": 86400,
      "Claim": false,
      "DailyOffer": false,
      "OldPrice": 29,
      "Text": "SPECIAL OFFER",
      "Background": "offer_rarity_super_rare",
      "Processed": false,
      "TypeBenefit": 0,
      "Benefit": 0,
      "OneTimeOffer": false,
      "ShopPanelLayout": [0, 0],
      "ShopStyleSet": [0, 0],
      "BundleID": "None",
      "OfferType": 4,
      "IsForPortalEvent": false,
      "IsForHorizonEvent": false,
      "LoadOnStartup": false,
      "StarrDrops": false,
      "NeedsBrawler": 0,
      "UpdateOffers": false,
      "PortaliumStarrDrop": false
    },
    {
      "Rewards": [
        {
          "ItemType": 9,
          "Amount": 500,
          "BrawlerID": [16, 0],
          "Extra": 0,
          "ItemName": "",
          "BrawlerPower": 1
        }
      ],
      "Currency": 0,
      "Cost": 0,
      "Time": 86400,
      "Claim": false,
      "DailyOffer": false,
      "OldPrice": 29,
      "Text": "token doubler test",
      "Background": "offer_mrbeast",
      "Processed": false,
      "TypeBenefit": 0,
      "Benefit": 0,
      "OneTimeOffer": false,
      "ShopPanelLayout": [0, 0],
      "ShopStyleSet": [0, 0],
      "BundleID": "None",
      "OfferType": 4,
      "IsForPortalEvent": false,
      "IsForHorizonEvent": false,
      "LoadOnStartup": false,
      "StarrDrops": false,
      "NeedsBrawler": 0,
      "UpdateOffers": false,
      "PortaliumStarrDrop": false
    }
    
  ]
  
}